0,1,2,3,4,5,6,7,8,9,10,11,12,13,14,15,16,17,18,19,20,21,22,23,24,25,26,27,28,29,30,31,32,33,34,35,36,37,38,39,40,41,42,43,44,45,46,47,48,49,50,51,52,53,54,55,56,57,58,59,60,61,62,63,64,65,66,67,68,69,70,71,72,73,74,75,76,77,78,79,80,81,82,83,84,85,86,87,88,89,90,91,92,93,94,95,96,97,98,99,100,101,102,103,104,105,106,107,108,109,110,111,112,113,114,115,116,117,118,119,120,121,122,123,124,125,126,127,128,129,130,131,132,133,134,135,136,137,138,139,140,141,142,143,144,145,146,147,148,149,150,151,152,153,154,155,156,157,158,159,160,161,162,163,164,165,166,167,168,169,170,171,172,173,174,175,176,177,178,179,180,181,182,183,184,185,186,187,188,189,190,191,192,193,194,195,196,197,198,199,200,201,202,203,204,205,206,207,208,209,210,211,212,213,214,215,216,217,218,219,220,221,222,223,224,225
FV,0.060104688008626304,0.19131731986999512,0.33898277282714845,0.4942787806193034,0.6616305828094483,0.8338785648345948,1.0192682266235351,1.215732479095459,1.4121988455454508,1.6143498102823892,1.8209917227427164,2.0464892864227293,2.277591037750244,2.5148346424102783,2.752829074859619,3.0028420289357505,3.3099741299947105,3.6743431250254317,4.073158518473308,4.48719555536906,4.999160273869833,5.53941518465678,6.09583379427592,6.662754265467327,7.327716318766277,7.994255272547405,8.677214829126996,9.373299169540408,10.07329746882121,10.77349548339844,11.474374024073285,12.193607139587405,12.91419192949931,13.637254683176678,14.36248466173808,15.110941060384116,15.880011685689292,16.65213351249695,17.44235766728719,18.233073679606118,19.026283947626748,19.823494799931844,20.636491187413533,21.465268182754517,22.306686290105183,23.16540643374125,24.026021067301432,24.906836732228598,25.795953178405764,26.80797766049703,27.8339869817098,28.888869746526083,30.066797431310018,31.340887387593586,32.644307645161945,33.9827867825826,35.32855634689331,36.68479606310526,38.05556103388468,39.433622852961214,40.816590722401926,42.548255761464425,44.310085773468,46.214840841293324,48.132844972610464,50.05144227345784,51.99426250457763,54.006595500310254,56.05846999486287,58.34868210156758,60.694761768976846,63.250977452596025,65.83086918195089,68.68362576166788,71.70436460177103,75.12324395179748,78.54579002062479,82.0595685482025,86.28108579317728,90.57484704653422,95.13910164833068,100.41472481091816,105.78433535893757,111.32633295059203,116.88910077412922,122.71618237495422,128.87584605216978,135.62275129954017,143.4823108355204,151.40438435872392,159.71251371701555,168.2340823491414,176.9277818679809,186.0482422192891,195.5111930052439,205.34860502878823,215.44145301183062,226.22116433779397,237.64953020413714,250.9026572545369,265.2292495409647,280.1707591056823,295.13053708076467,310.3318857669829,326.3901198228199,343.74800132115666,361.6371953805286,381.27580367724084,402.8995950380959,425.8205139795937,448.8500883738198,472.03840405146263,495.84408567746465,519.7534505685169,543.7391533692676,569.7783423900602,596.58586397171,625.5010155677793,657.0205736796058,689.1879347483314,723.1648636976875,763.2352418104804,810.8001204649604,861.9827080090837,917.207668526967,978.0530756155647,1043.5882633368171,1110.1836842536923,1177.1753302097318,1257.5119297504423,1338.6232456207274,1429.4995842933654,1528.3314356803894,1634.6813546180724,1741.867141675949,1866.9647189299264,1998.1465455214181,2131.3193273067473,2272.9504124641417,2417.4393655776976,2568.484808826446,2719.6248423894244,2877.2657399018603,3049.1987251281735,3221.9791384696955,3401.2861780166622,3590.7517080307002,3799.7814886093133,4017.0788503170006,4238.65694527626,4469.832942914962,4705.771721601485,4962.718700965244,5228.778935225803,5503.826857757567,5783.171844244002,6062.566348743438,6373.21417775154,6697.307883977889,7044.562202056248,7413.535226901371,7786.873763243356,8164.762901655831,8543.999836699166,8931.46783425013,9332.902512407301,9772.081637716292,10227.304039414723,10690.526675399144,11181.066357692082,11777.155164480208,12506.87779803276,13265.321880197524,14216.817685302098,15340.442568286258,16480.759570821123,17647.586356862383,18853.794641764955,20112.909627850848,21646.863848861056,23183.034293985365,24953.929288244246,27084.837048943835
PR,0.13800779978434244,0.30207522710164386,0.5026852289835612,0.7111353874206543,0.9800806840260823,1.2558242479960122,1.5353597799936929,1.8384513854980467,2.3238112131754556,2.8654915491739907,3.4223237832387285,3.9886656125386555,4.579526217778524,5.190881713231405,5.815011628468832,6.48920103708903,7.167242336273193,7.855335124333699,8.547312545776366,9.245185105005898,9.95216442743937,10.674439541498819,11.40371087392171,12.167669852574665,12.932300170262653,13.721500873565672,14.553970416386921,15.4147097269694,16.307927958170573,17.21981075604757,18.13689544995626,19.089544407526652,20.24232144355774,21.456094217300414,22.80256044069926,24.166706530253094,25.599282805124922,27.038967291514084,28.487759033838913,29.987365325291957,31.498870166142787,33.01433860460918,34.559736045201625,36.11489632924398,37.812696647644046,39.5163414478302,41.26307382583618,43.2060809135437,45.33212844530741,47.57063229878743,49.83359273274739,52.12215876579284,54.44132256507873,56.80838179588317,59.19097940127054,61.8616116841634,64.64958222707111,67.47712771097817,70.56340312957761,73.66412763595578,76.85261031786598,80.21651398340859,84.0095879713694,87.80444992383319,91.71199493408201,95.69258281389871,99.73571201960245,103.81553138097127,107.96571553548176,112.17885467211404,116.72389976183572,121.5106033484141,126.3554127216339,131.49363700548807,136.6395756403605,141.8635056177775,147.58346773783364,153.31153116226196,159.215305185318,165.37468450864156,171.5834422270457,178.5005064169566,185.57218467394512,193.1984035174052,201.1398921807607,209.16186517079672,218.21040822664898,227.38973070780438,236.79158317248027,246.70186468760173,258.05070420900984,270.70883318583174,283.47632031440736,297.6686360359192,313.1666133721669,328.8223172028859,345.9105912049611,363.25755184491476,381.84090412457783,400.6898783047994,420.2114205678304,440.2795559247335,460.5740652879079,482.38363607724506,504.6477909882863,529.0584816137949,553.7512303988138,579.6613243261972,613.6280110518137,647.9451921621958,682.7581989447275,717.7589672724405,754.9409019152322,793.3953630129495,831.9864684740701,870.9061485926309,912.9794170061746,960.775364700953,1012.9892135302224,1068.4509309768675,1125.4871359825133,1185.4756790637969,1245.7590159416197,1307.6427657604215,1382.9528958320616,1463.8179694334665,1546.0467925707499,1631.6128634134927,1717.2543395201365,1811.1354376951854,1908.2144249757132,2005.3524306138358,2111.7214264392856,2230.3236065228784,2351.3908902009334,2483.572752602896,2616.7455940723426,2754.2794728755957,2892.5498571872718,3044.8335096518203,3209.173925940196,3400.276483043035,3598.822122462591,3799.475535519918,4000.663797839483,4217.062355216344,4437.58852947553,4676.0756451447805,4917.908525164922,5167.972601207098,5480.972378206254,5830.8662891705835,6181.719914150239,6544.827009248735,6984.891220219931,7460.987655003866,7953.466771539053,8478.579182275138,9163.45753444036,9987.48722451528,10818.785395320258,11677.687975295386,12558.549697478615,13447.826908111574,14428.593023014071,15465.011025428774,16512.28116397858,17574.3348154068,18841.238684368134,20136.466422986985,21580.655282354357,23074.16632502874,25142.962242682777
L,0.15197149912516275,0.3519816080729167,0.5653050104777018,0.7836800257364909,1.0072368303934733,1.283410946528117,1.6474440097808838,2.047878932952881,2.453749450047811,2.9833295186360678,3.530870850880941,4.166764911015829,4.880677318572999,5.595499928792318,6.3181199391682945,7.047979132334391,7.815455452601115,8.619062248865763,9.436829725901285,10.265126625696817,11.146830240885416,12.051009527842202,12.979475609461465,14.156445995966592,15.34624721209208,16.647740221023557,18.26566228866577,19.891841745376585,21.566808509826657,23.26442627906799,25.046237754821775,26.899469661712644,28.845208692550656,31.009360074996945,33.358979797363276,35.77608003616332,38.44199814796447,41.148183170954375,43.88365713755289,46.700251658757516,49.684709946314484,53.021578391393014,56.37419907251993,59.76970251401264,63.88935936292011,68.18456249237059,73.31336534818011,78.83621495564776,84.6938244183858,91.14896882375079,97.72545169194537,104.30527749061582,111.1241066932678,118.08629604975381,125.06889292399087,132.62247908910115,140.59772837956746,148.6371014436086,156.7436467965444,164.9117407957713,173.11628295580547,181.39145518938702,190.11436058680218,199.88994576136272,209.7847738424937,219.74641377131147,229.9363330046336,241.46236154238386,259.0553687890371,276.88756650288906,295.22256447474166,314.0124965667725,335.9851693630219,358.01643605232243,380.641018263499,404.06067684491484,428.6828111330669,455.4563653786978,495.32473224004116,535.7381318410238,577.3299493789673,624.8657432556153,672.8412645816803,721.1785346031189,770.2409389972687,820.7290186405182,873.7216605186463,929.1098620414734,998.415378856659,1068.7414304892222,1139.694326686859,1217.1628667354582,1307.795560312271,1400.2713470935819,1492.9544764041898,1593.3137626330056,1695.800282303492,1802.484103743235,1921.1539603869116,2041.3383747259772,2175.5181480566657,2315.5288427193955,2460.8915612061814,2611.927246316274,2787.0402985413866,2963.875218518575,3150.8361142476397,3339.6701927979784,3568.2202836672463,3810.978728024165,4066.5106216748554,4348.9638569037115,4638.692548243204,5001.4333580176035,5430.162699921926,5869.936890824636,6313.853144009909,6960.851785643896,7647.097905476889,8370.852922519049,9313.349650414786,10277.12094564438,11452.175968885422,13024.320878426233,15050.45296605428
LX,0.11805510520935059,0.24992680549621582,0.4087479909261068,0.5711246331532797,0.7383463700612387,0.9318517049153647,1.1452667554219564,1.3649090131123862,1.6024161179860434,1.850029500325521,2.1235819180806477,2.3985410849253337,2.685599517822266,3.039385271072388,3.397731685638428,3.7630097866058354,4.16722412109375,4.611167144775391,5.063501310348511,5.52683391571045,5.995180702209473,6.507607237497966,7.057528034845989,7.653903897603354,8.303691085179647,9.018102184931438,9.732602135340374,10.447580750783285,11.162596718470256,11.886089579264324,12.618619139989217,13.353446340560913,14.08962640762329,14.827588653564453,15.568916018803915,16.314549064636232,17.06235227584839,17.814498519897462,18.574987109502157,19.347730731964113,20.12877966562907,20.912482833862306,21.699834601084394,22.487939755121868,23.28118872642517,24.074699958165485,24.88910945256551,25.70630939801534,26.525930007298786,27.353921969731648,28.186118443806965,29.018937031428017,29.874981562296547,30.734256585439045,31.616521517435707,32.51714173952738,33.42675916353861,34.346104860305786,35.291579484939575,36.23716696103414,37.21396803855896,38.20042888323466,39.196078300476074,40.202088276545204,41.231250286102295,42.26501480738322,43.299513260523476,44.33424949645996,45.3987508614858,46.50172392527263,47.6151937643687,48.75421198209127,49.930150508880615,51.12068740526835,52.326997121175125,53.56091926892598,54.86484661102294,56.25269085566202,57.64577911694843,59.04009006818134,60.45350397427875,61.96742971738178,63.49351461728413,65.1027093251546,66.75501402219135,68.75632667541502,70.81789525349933,73.15760207176207,75.6292725086212,78.1254476547241,80.6308000564575,83.44219737052916,86.627672958374,89.9497968037923,93.2995135148366,96.93457048734027,100.68623684247332,104.45814798672991,108.43704269727068,112.54692548116046,116.85659874280292,121.25398823420204,125.68037832578021,130.33071784973143,135.16981352170308,140.09614981015523,145.14073368708293,150.54057412147523,156.30461371739707,162.24435914357505,168.38725565274558,174.95338406562806,181.9397822856903,189.22736353874208,196.65816383361818,205.40654536883036,214.51843775113423,223.7967917283376,233.2197083791097,242.7527291138967,252.41346384684246,263.4854389190674,275.5084721406301,288.0597242673238,301.3096645832062,315.0874861240387,329.0678107261658,343.37833571434027,357.84025602340705,372.4840664545696,387.3121071338654,402.2540672302247,417.20951929092416,433.0535614331564,450.08341946601877,467.513996744156,485.5673478603364,504.2959327220918,523.3610990524293,542.5631644725801,561.793986272812,581.1297421773277,600.637031666438,620.5662392298383,641.6097602367404,663.0226363658908,684.5720868110659,706.1270442803703,729.3525602181755,753.5724957307183,778.3028072834018,803.1996445178988,831.7515532493594,860.6933356444043,891.4960758209231,929.2829229831698,967.4215424855553,1005.8092607657118,1048.1546499729159,1094.5589229265852,1141.854874769847,1189.5726660410567,1239.158286015193,1290.5051731745405,1342.148856687546,1396.8167625904084,1458.863736375173,1522.522930463155,1586.448276678721,1653.0119698842366,1723.6549038887024,1794.7712463537853,1867.7943524519603,1949.691573635737,2035.8444752375285,2123.73208843867,2212.030138460795,2302.9311184088388,2405.584543339411,2510.7867384115852,2616.783172146479,2728.388710419337,2843.968174902598,2961.096799182892,3087.2800308704377,3216.206697368622,3371.705925369263,3540.498444604874,3710.45887169838,3891.1178395748143,4074.0878202915196,4274.7894269943245,4475.5493036270145,4687.473754453659,4914.291663837433,5145.130031347275,5393.784604390462,5647.367165597279,5905.398998053868,6164.767152436574,6430.664088805516,6699.1251032193495,6967.766861232121,7242.415229511261,7529.304724979401,7840.309734392166,8155.98871884346,8549.402857780457,8969.632279348374,9447.98134250641,9929.702341365815,10415.39143559138,10906.50239078204,11397.764711968106,12100.849778429669,12866.052989689511,13712.19212671916,14753.092441097897,15942.643539873761,17153.098366276427,18419.184296719235,19870.77426425616,21839.71766225497,23948.69857231776,26206.46617794037
FVPR,0.053540547688802086,0.11008906364440918,0.1887527306874593,0.28224873542785645,0.4081227779388428,0.5584243297576904,0.7252138614654541,0.892920970916748,1.0852755705515544,1.2900225321451824,1.5015018781026206,1.7214478651682537,1.9495052496592205,2.2162929217020673,2.4924178282419844,2.781814543406169,3.0713039557139084,3.394339529673259,3.7434676965077722,4.162288554509481,4.597760009765626,5.0699969609578455,5.551789124806723,6.085507090886434,6.622180159886678,7.18318559328715,7.784974431991577,8.393657382329305,9.072533623377483,9.756524896621706,10.440633153915407,11.134224033355714,11.82782055536906,12.521662092208864,13.222688849767051,13.939201450347902,14.659975941975913,15.386883672078453,16.124871746699018,16.867449935277307,17.616333659489953,18.38427386283875,19.157080745697026,19.930897331237798,20.71636392275493,21.503822024663297,22.29317317008973,23.09417193730673,23.89734428723654,24.70054763158163,25.515460475285856,26.338624382019052,27.163454278310148,28.003754679361986,28.870468600591032,29.74086537361146,30.645696147282926,31.56230519612631,32.61602738698324,33.68869458834331,34.82643599510194,36.039570140838634,37.257211097081516,38.52546100616456,39.83254167238872,41.14671473503114,42.51525319417319,43.9188433011373,45.40144031842551,46.907656129201264,48.51508043607077,50.126481596628835,51.77652095158896,53.53947900136313,55.42435731887818,57.64457446734111,59.87372134526571,62.14307131767273,64.45717339515686,66.85386834144592,69.29595122337341,71.96637139320373,74.6797255039215,77.39867100715637,80.20283708572387,83.03667411804199,86.12304739952087,89.2701521396637,92.67660733858744,96.24448884328207,100.07422666549684,103.90441462198895,107.74290253321331,111.6382792154948,115.60301734606426,119.59783500035606,123.6286475022634,127.80722897847495,132.00301434199017,136.41405884424847,141.01109981536868,145.64282973607385,150.70556028683984,156.34383606910708,162.36549758911136,168.4203444719315,174.69262769222263,181.15010859966281,188.0586610078812,194.98825377623243,203.38135626316074,211.96115233898166,221.53316675027216,231.31218896706903,241.3979115724564,251.88974802494053,262.5154060602189,273.48359895547236,284.7245806137721,297.01463247140254,310.10842324097956,323.3179442962011,336.5336572408677,350.1021757205328,364.014620312055,378.29930988152825,393.4919515371323,408.8768410921097,425.11398246288303,442.28823950290683,459.9751551866532,477.8328782320023,496.25620174407965,515.1117587884268,535.4070567687353,557.9603979667028,583.8661304394404,611.0479723691941,638.9446517705918,666.9221366167069,699.7249264637629,736.1945105950037,778.9197628895441,822.0456015666325,868.9813709656397,916.0920244137445,963.4937607208886,1012.9630528052646,1065.734795530637,1121.5044854482014,1179.134020169576,1241.1414804458618,1303.9423678398132,1366.9216339270274,1430.8685050169627,1499.8040574232737,1575.0439260641733,1651.2195717016855,1733.8679502328237,1820.9892092545826,1915.2527900536854,2013.8276931603748,2118.8703519185383,2232.5520774205525,2349.0822986443836,2484.969990022977,2642.372524412473,2802.4710483868917,2970.972848447164,3150.4364531358083,3339.5631488164267,3544.514211257299,3768.738915681839,3993.359556913376,4244.230432271957,4511.791192483902,4788.450036144256,5066.661498737335,5353.296151781082,5644.542726302147,5936.437128806114,6253.97759296894,6581.516638159752,6925.667223477363,7285.565923714637,7675.219423413277,8140.1602066755295,8609.817376494408,9120.284579873085,9674.944210886955,10328.791957497597,11043.017580151558,11780.483258318902,12554.65659351349,13335.5294151783,14237.106323862077,15146.386776590349,16164.834858083726,17282.116937541963,18651.592004124326,20080.9791062514,21602.68005878131,23218.24078983466,24862.50765806834,26743.25280381839,28658.936761967343,30923.292480580014,33251.51653503577
FVL,0.060198307037353516,0.12643639246622723,0.2485312620798747,0.37732092539469403,0.5161823431650798,0.6713553269704183,0.8403219779332479,1.024839202562968,1.2136869827906291,1.4129783312479656,1.6166511376698813,1.829870661099752,2.0460161765416465,2.319517811139425,2.595284660657247,2.9432873328526816,3.364842255910238,3.806018988291423,4.247616569201152,4.7027149597803755,5.1591956218083705,5.654489119847616,6.155908306439718,6.658785303433737,7.193561593691508,7.7291395266850795,8.416439970334372,9.10874879360199,9.809297442436218,10.51042115688324,11.214417338371277,11.928336103757223,12.650737722714743,13.375060757001242,14.109524846076965,14.854870994885763,15.627427061398825,16.401697913805645,17.183152635892235,17.981987516085308,18.786051869392395,19.602865656216938,20.44881196816762,21.29777173201243,22.198513547579445,23.113178690274555,24.032530744870503,25.003359754880268,25.98748250802358,27.013986786206562,28.053229689598083,29.13293929894765,30.282954295476276,31.470745086669922,32.667923053105675,33.91858458518982,35.273639837900795,36.643358071645096,38.02603979905446,39.51949365933736,41.10233092308044,42.68572068214416,44.286124110221856,46.04018795490264,47.88986647129058,49.80181443691253,51.78587385018666,53.99630125363667,56.35231510798136,58.992191235224404,61.82760413487752,64.69151878356934,67.65607913335164,70.91961971918741,74.3175549507141,78.09044528007506,81.8745104074478,85.73127710819243,89.61891126632689,93.58674430847167,97.77841401100157,101.97303970654804,106.28126279513039,111.1862778663635,116.13330221176145,121.34784364700315,126.75435105959572,132.43969432512915,138.24496833483374,144.29858104387915,150.66521183649695,157.16744903723395,163.8090328375498,170.5864041646321,177.97774887084955,185.66685771942133,193.7520849704742,201.9240338802337,211.00785827636713,220.20469578107193,230.1402942736943,240.261374314626,250.45403500397995,260.71447074413294,270.980718811353,282.0158373912175,293.7390063206354,306.3077247540155,319.056378006935,332.0869506597518,345.2073227961857,358.79332788785285,372.8915891647338,387.5905008316039,403.3106930255889,419.4246461391448,435.6865186691283,452.6936788558959,470.35942888259876,489.1482157707213,509.0271499156951,529.5928174257277,555.1236678361892,580.9633593559264,607.4074939092,634.5175520976384,662.6078373988469,691.3304965098698,721.6736660401026,754.194409807523,790.0103102922438,826.3852047920226,864.5375881195067,903.0730659961699,945.9903653860091,989.388369043668,1039.1261170307794,1088.95523472627,1143.7135095993676,1200.8651244242985,1260.1342821915944,1320.2808346350987,1381.884256919225,1451.3069074948628,1522.9719944794972,1594.761533419291,1667.308603564898,1740.1010812520979,1816.0440212488172,1892.1286158561704,1978.6825774908064,2066.7425408363342,2165.224305868149,2266.510078549385,2380.0971191326776,2493.8075143496194,2623.655483762423,2768.993905027707,2921.283632000287,3075.0191788276034,3235.0286110242205,3406.255927165349,3587.2198320229845,3774.9742829402285,3965.646599491437,4158.574457367261,4382.9147570927935,4622.316247900327,4874.468324859937,5139.075324853261,5432.2096851666765,5776.4683143297825,6143.003755013147,6534.562211195627,6926.428465763727,7328.103243033091,7745.585358063379,8183.89356915156,8652.069443146387,9126.057626167933,9621.753678242365,10275.8081300656,11052.912594238916,11899.632428924242,12779.533135135967,13913.943226695059,15109.486865043638,16567.04816222191,18200.365297198296,20003.863250613213,22236.915310144424
FVLX,0.07332825660705566,0.20172850290934244,0.3407634894053141,0.5096176465352376,0.689228614171346,0.8787326018015543,1.0734007358551025,1.269381046295166,1.477481722831726,1.6856038570404053,1.9006853898366292,2.127603967984517,2.3877085447311397,2.656113743782043,2.9566453695297237,3.2933773994445796,3.6354037920633946,3.981449405352274,4.353380481402079,4.726256291071573,5.102144638697306,5.517287651697794,5.950464089711507,6.392467697461446,6.8364401658376055,7.2959095637003575,7.855939308802286,8.430388530095417,9.113746245702107,9.807458718617756,10.50922107696533,11.21318713823954,11.923699696858721,12.636061271031695,13.35126717885335,14.067428986231484,14.788559834162392,15.522595326105751,16.257385571797688,16.992203950881958,17.729302008946735,18.469534476598103,19.21561606725057,19.97150754928589,20.73860772450765,21.507239500681557,22.276367108027138,23.06097380320231,23.849435726801552,24.639388640721638,25.429990768432617,26.2297199567159,27.029805262883503,27.84315260251363,28.656596104303993,29.472577571868893,30.31353640556335,31.156584501266476,32.06814924875895,32.989064613978066,33.99436616897583,35.050387700398765,36.110233863194786,37.17265017827352,38.26193277041118,39.37239758173625,40.520499308904014,41.755439917246505,43.16042224566142,44.63285446166993,46.12159645557404,47.61375224590302,49.13027298450471,50.661496202150985,52.199584523836776,53.83465619881948,55.47402067979177,57.143924832344055,58.840089996655784,60.57313879330953,62.49029588699341,64.43012229601543,66.4828945795695,68.70933691660564,71.12117425600688,73.70887056986491,76.31248966852824,78.97239438692729,81.7779773871104,84.64266459147136,87.67134288946788,91.01550980408987,94.39145060380301,97.89773325125377,101.45984065532684,105.11305725574493,108.79094461599986,112.48966419696808,116.34400641918182,121.45585834980011,127.06491911411285,132.842475771904,138.64396599928537,144.58939270178476,150.74197336037952,156.93308420976,163.87585182984668,170.83845619360605,177.90127317110696,185.10760029157,192.32353576024371,200.13864175478616,208.34222761789957,217.1217839717865,225.9576244354248,235.25136041641235,244.67958974838257,254.79303860664368,265.04748662312824,275.9126119216283,286.80329144001007,298.42748232682544,310.14929195245105,322.35192255179084,334.71965444087976,347.41793465614313,361.0190702279408,374.67274149258924,388.88908632596326,403.19654679298395,417.7414863109588,432.50675153732294,447.6406670411427,463.36686738332105,480.349672794342,503.84642561276746,527.7570983568827,552.0873497327168,577.9796416362126,605.3085734446843,632.7054953972498,660.4941324392954,688.9190855423609,717.583688656489,746.3042958180109,776.3687228361765,809.0074648062388,842.553684035937,876.3304573297501,926.5417636632919,978.5094037453333,1030.5282107988992,1083.5110834439595,1140.4381577968597,1211.918938755989,1283.7911002635956,1360.7076090574265,1438.413045167923,1520.4991923570633,1602.6437879006069,1688.7126102844875,1784.4631213347118,1881.1306395928066,1980.8353681166968,2081.8626598914466,2193.794329007467,2316.184220870336,2456.9195942083998,2604.529187480609,2753.0017837683363,2904.759828368823,3073.9869453112287,3243.9640805721288,3429.277075171471,3623.9089083671574,3838.7297132015233,4062.3453684647884,4288.85510357221,4542.777758677801,4821.208737333616,5112.55047317346,5405.303123076757,5703.462945302328,6002.625212629637,6312.441003521284,6624.701880534491,7052.223502119383,7482.606961925825,7945.529019713403,8477.210854649544,9013.653829813004,9613.434687376022,10234.534876227379,11024.7092730999,11864.106792092323,12932.084678292274,14078.23050403595,15260.980860710144,16484.0414566199,17878.01673523585,19611.629517594974,21571.169933597248,23665.208344896637,26020.5361806949
PRL,0.18225908279418945,0.3803750991821289,0.5958453337351481,0.8236632664998372,1.0634340127309163,1.346859296162923,1.6520870526631672,1.960500637690226,2.273936144510905,2.6283493359883625,2.990244754155477,3.3619272391001385,3.7556822935740155,4.15090061823527,4.561590607961019,4.984025017420451,5.422591304779052,5.864316463470459,6.326117467880249,6.83559381167094,7.478549909591675,8.147176218032836,8.834955883026122,9.527322642008462,10.222173245747882,10.922609043121335,11.62614960670471,12.330008300145465,13.045953464508054,13.764031600952146,14.488259188334144,15.218514633178708,16.02528440157572,16.87641401290893,17.741155974070228,18.632875633239742,19.53479062716166,20.741725413004556,22.025900014241536,23.313720909754434,24.62122747103373,25.999502865473428,27.399745035171506,28.83850960731506,30.51177268028259,32.322119808197016,34.23792808850606,36.18008964856465,38.13829471270243,40.102179781595865,42.0906853834788,44.159904925028485,46.251377471288045,48.34911462465922,50.46269159317017,52.606919670104986,55.02493743896485,57.49908658663432,60.31559507052104,63.36901426315308,66.55840015411377,69.99250308672588,73.67195089658102,77.35367401440939,81.29907051722209,85.30223619143169,89.49874602953594,93.92996513048809,98.38065142631531,102.87176237106324,107.373242076238,111.87514068285624,116.85196987787883,121.9268675963084,127.08485932350159,132.7000895023346,138.64742983182273,144.7245242436727,151.02826251983643,157.9517321109772,165.11583140691124,172.4548006375631,179.93286628723146,187.44039635658265,195.41734779675804,203.63896231651307,212.1131364186605,221.1379263242086,230.21465315818787,239.53258743286133,248.91946926116944,260.11641068458556,272.87424659729004,285.69749426841736,299.7796727816264,314.6271342436473,330.2580097357432,346.04201625188193,362.55621320406595,380.04957534472146,398.0929240862528,416.25276808738704,435.3307423273722,455.07720475196834,475.12313861846917,495.77738604545584,516.8694717884063,538.5060189565022,560.2027107874552,584.0191020965576,608.2541347344717,633.4784677823385,660.6260639031728,689.8499874273937,719.8958680788677,752.2280891895296,788.8396390914918,825.5239435672761,862.4333816528322,902.4161814689637,943.608088874817,985.361258172989,1027.992032591502,1071.9183752695722,1122.3781722545625,1173.139092874527,1231.9278232574463,1292.4534331321718,1354.3884391943616,1425.7195638338726,1497.4626368999482,1573.0113852024078,1650.7426639080047,1738.1621174494426,1827.1398094971976,1917.326756556829,2014.9619636376701,2113.1669916470846,2216.30335949262,2327.209231456121,2440.616738001506,2556.779597202937,2677.062488714854,2810.9006635348005,2956.980394760768,3109.75513197581,3266.6939888636275,3434.197471205394,3617.839255634944,3847.1657620906835,4099.850086736679,4376.174685764313,4664.261718797684,4968.720641708374,5284.156783358257,5695.733872747422,6140.436160564423,6664.856765270233,7243.768430042267,7855.359540653229,8477.508484872182,9105.550386222203,9735.135912402471,10525.280172522864,11359.329331048331,12211.06098063787,13529.265367269518,14883.311250782015,16258.927011775973,17675.669642543795,19287.447672843937,21107.58745503426,23008.19746279717,25095.57950201035,27232.434971189505
PRLX,0.15616591771443686,0.3583102067311605,0.5649862130482992,0.7876573403676351,1.086836083730062,1.4417728424072267,1.8178654670715333,2.2016300519307457,2.670661528905233,3.1669987837473554,3.6690784295399985,4.2072930335998535,4.783324162165324,5.3716262976328535,5.981009403864543,6.646595001220703,7.340005079905192,8.034001111984253,8.734315395355225,9.437278270721436,10.143919706344604,10.854553063710531,11.56610647837321,12.294196526209515,13.031144777933758,13.776383463541668,14.524966780344647,15.287191931406658,16.054258251190188,16.82533938090007,17.619196669260663,18.50401903788249,19.46515142122905,20.54707585970561,21.633294216791793,22.75889650980632,23.933442989985153,25.16599329312643,26.430033127466842,27.702976051966353,29.005111185709637,30.3489559173584,31.866537221272786,33.529300657908124,35.21607809066773,36.98946997324626,38.798573605219524,40.63080751101176,42.56383024851481,44.547708940505984,46.75438642501831,49.03981065750122,51.457719008127846,54.11410681406657,56.84153906504313,59.69519519805908,62.661340951919556,66.04098725318909,69.64926338195801,73.33037424087524,77.0240155061086,80.7474296092987,84.52895412445068,88.60345889727274,92.96008001963297,97.42909785906473,102.03871040344237,106.71679220199583,111.53153810501097,116.74891632397967,122.17205629348753,127.61334635416665,133.13085827827453,138.70418677330017,144.4304277896881,150.18742307027182,155.95383871396385,161.82422706286115,167.7260025819143,173.71083089510603,179.93134074211125,186.81736922264102,193.83618593215945,201.12547318140668,208.43125931421918,215.92839137713116,223.4956150054932,231.676050901413,240.09355870882672,249.46626359621686,259.0015084584554,268.9794087727865,279.4880736192068,291.0809532483419,302.92709617614753,315.2190288384756,327.754788128535,340.3249258677165,353.0107012907664,365.9145331541697,378.988149023056,393.7495745182037,409.26719107627866,425.18708271980285,441.4395827293396,457.93025833765665,474.82596316337583,492.3136629104614,510.14593114852903,528.6223179340362,550.2834319591522,572.6379682540893,596.8738594532012,623.1890523115793,650.8318730036417,679.1230264345804,708.7005150477091,738.570963080724,770.2329844792683,802.1229781468709,835.4662525812785,870.202035522461,906.1300843715668,943.1369463920594,981.570273399353,1025.023999452591,1069.9436463832856,1118.534091981252,1172.426708650589,1232.7862698554993,1294.3581961631776,1361.7371099630993,1436.358119169871,1512.3060877958935,1594.381515423457,1678.7227515856425,1765.3744621912638,1853.079962158203,1943.8449682712553,2042.0970355987547,2147.6098052978514,2254.4832478046415,2371.0040080070494,2499.979054880142,2633.883235645294,2778.44657292366,2933.328588310877,3088.5476439634954,3254.065461937586,3421.444925419489,3589.4222232977545,3757.666549889246,3935.856155745188,4120.596813122431,4315.839135328928,4522.149040619532,4740.951780287424,4963.954249588648,5218.3965369860325,5485.6528266112,5774.481474081675,6075.8225156943,6379.420221249262,6691.5406258742005,7004.987123171488,7319.292504612604,7642.22573925654,7979.816031789778,8328.811136897404,8704.041499837238,9090.715910895664,9479.141640726724,9872.73854373296,10276.053954346973,10709.312405808765,11167.400170691806,11629.61398073832,12092.194864002862,12582.341109482446,13078.35103389422,13593.628745142618,14218.366544596352,14891.606911055245,15568.356199995675,16336.72929994265,17135.0587105751,18004.608571529385,19074.255107402798,20260.117779397962,21840.123508278528,23752.74419781367,25684.81172955831,27709.468271780017
LPR,0.21842632293701172,0.4533892154693604,0.6936405181884766,0.9823858737945557,1.291269588470459,1.627076276143392,1.9661419709523518,2.3681104977925616,2.830785989761352,3.2995498657226556,3.7859310626983635,4.355586083730061,5.007911189397175,5.680830065409341,6.355090300242105,7.0320106347401925,7.71801463762919,8.409088373184202,9.100372791290281,9.80738313992818,10.515821297963459,11.224469025929768,11.948873917261759,12.724546750386555,13.504336357116697,14.403655767440794,15.448826789855955,16.534803771972655,17.71232182184855,18.917686669031777,20.44550439516703,22.127969805399577,23.812436008453368,25.56989803314209,27.429205799102782,29.381337213516233,31.379157908757524,33.378531185785924,35.41461742719014,37.50726226170857,39.655767234166454,42.14896626472472,44.81586208343505,47.50036627451578,50.414506260553985,53.429765844345084,56.591435178120925,59.91850279172261,63.25205976168314,66.86636772155761,70.60213707288105,74.46902527809142,78.35975414911906,82.28639911015829,86.23610447247823,90.38397509256998,94.73739229838053,99.51491214434306,104.93804089228313,110.74452424049377,116.87613987922668,123.11912126541138,129.7204236984253,136.3970242023468,143.91579084396363,151.76794923146568,159.65680511792502,167.8585262298584,176.2855471611023,184.83993186950684,193.5490875085195,202.35861458778382,211.4480607032776,220.77490905125939,230.6599375565847,240.7688651879629,250.9083398977916,261.6576775709789,272.8145950635275,284.26813848813384,295.9073410034181,309.50386967659006,323.6442039489747,337.8483634471894,352.50186956723536,367.24100848833723,382.3372911294302,397.6702727158865,413.89609425862636,430.57772367795314,449.06549762090054,468.37143689791367,487.940761534373,510.3447558561961,533.4121787707011,558.8085678259531,585.981921339035,613.701265001297,646.409907245636,679.1854348659515,713.0368290424346,750.3382351398468,791.2763475418091,832.9409755706787,877.9138743718465,925.7056837717693,974.3212435881297,1024.5015493075052,1079.8256271044413,1138.3372566858927,1199.0372709433238,1266.0703785101573,1334.7802342255911,1406.501670153936,1486.1461099306744,1568.1017271200817,1650.5135325113934,1734.188077402115,1820.2324117660523,1932.6175377845766,2061.0365747451783,2194.8293286800385,2337.3625417232515,2493.35681292216,2664.5591609954836,2853.381122684479,3050.107266759873,3251.408556000392,3455.4689297358195,3660.570410601298,3875.0255624930064,4090.7828113714854,4341.0710062662765,4670.859668938319,5003.644111919403,5342.313584772746,5719.698905150096,6107.2798802057905,6547.657927958171,7051.4964031060545,7620.819193442663,8258.2941365242,8899.715080738068,9564.999832312265,10413.066108671823,11324.586667108535,12487.38037147522,13860.407070541381,15552.2075694561,17382.83836437861,19302.104766575496,21370.41978222529,23649.46634732882
LLX,0.20536599159240723,0.42868046760559086,0.714798641204834,1.0139300346374513,1.3252578099568686,1.6570268789927165,2.07162291208903,2.591956345240275,3.172446378072103,3.7849922657012938,4.474806674321492,5.179993200302124,5.89337568283081,6.607169119517009,7.323634688059489,8.041696612040202,8.764447037378947,9.492742840449015,10.234220806757609,10.983957672119141,11.740563774108887,12.562697362899781,13.404195181528728,14.246845515569051,15.108737421035766,15.995556783676147,16.908218971888225,17.83045867284139,18.78052690823873,19.730903498331706,20.714262358347575,21.707143338521323,22.717215569814048,23.772885195414226,24.878287331263223,25.985913610458372,27.09620962142944,28.216809320449826,29.343340603510537,30.56231741905212,31.82993559837341,33.127888202667236,34.5181679725647,36.01262807846069,37.55171116193136,39.102308193842575,40.67565213839214,42.251764249801646,44.045710357030245,45.918018770217905,47.8451664765676,49.790557177861544,51.75777266820273,53.88857736587526,56.113249762853,58.3711394151052,60.66228140195212,62.96541679700217,65.27646514574688,67.63216675122581,70.20591796239219,72.928221877416,75.7263341744741,78.59728463490806,81.6946700414022,84.87951874732974,88.2162092526754,91.65966884295148,95.11978427569073,98.59945565859479,102.16117142041527,105.76386696497602,109.50378456115725,113.44722301165265,117.61028351783754,121.94127955436709,126.38448268572492,131.23612084388736,136.10277293523157,141.04762848218286,146.13151343663537,151.2548894087474,156.38231341044113,161.53660427729292,167.0115317821503,172.4993646462759,178.30398610432948,184.25148609479274,190.312201054891,196.88802378972377,203.6854998429617,211.81068827311205,219.95759193102526,228.19493015607205,236.81560395558682,246.01487571398425,256.58088539441434,267.6276912530264,278.81636212666837,290.4675387223562,303.03084266980494,317.38376701672877,331.8285500685374,346.31016243298853,361.0869469324748,376.0978356679281,391.1417713642121,406.5411980628968,423.8628834565481,442.0137032349905,460.1921619256338,478.8343925793966,499.0115624586741,519.1899784723918,540.5020201524098,564.9279594739278,589.6090344905853,614.8275292873382,640.2365938663481,667.5524556477864,695.0349773406981,723.2886070251463,751.740580844879,781.4864601771035,813.2693146387734,846.912602694829,882.1746718724567,919.252250464757,956.5268628120419,994.1829539457954,1031.854324452082,1069.926218239466,1108.6815740744269,1150.033076492945,1191.6031833807624,1234.1943875471748,1279.670360724131,1326.4625174999233,1374.2221802075699,1424.0692814985905,1477.9089214960727,1531.90963563919,1587.368852790196,1644.0152412414543,1700.940098301569,1757.9088812510165,1816.5632382074984,1883.5554124355308,1952.5089264392846,2021.9329069614403,2092.491715240478,2171.4995017528527,2253.051564820607,2338.1183099110917,2423.3512701352433,2509.037611850102,2601.0847374757127,2696.5534363110855,2792.217726739247,2888.8613693078355,2996.5052302678423,3113.1522718747456,3233.427174456914,3364.2778474966685,3496.7691115061443,3637.132994572322,3788.6118720213576,3947.9302439848584,4113.734364000957,4292.24357530276,4470.998195854823,4661.553061405818,4870.961445967357,5095.413001934688,5335.215467516581,5577.258623711268,5819.360940758387,6072.450211874644,6329.953400675456,6603.152995030086,6907.975127760569,7215.049737707774,7527.496587340037,7859.772196118037,8213.347394911449,8587.954951731364,8974.436402718227,9375.96434899966,9786.17270175616,10197.436299673718,10609.045946757,11038.800098292035,11553.951795880002,12146.193898550671,12778.893330780667,13412.85442358653,14081.410581604643,14773.473794571562,15480.334830490752,16202.037304608031,17015.643383185074,17913.6506814162,18883.392933766052,19900.79933826129,20926.804925743745,22066.200894848513,23220.33764268558,24569.039031442015,26055.515899117796,27625.348397763577,29211.72146220208,31070.59697823525,33281.48743386269,35589.98507404328
FVPRL,0.052810351053873696,0.11343351999918619,0.23842692375183105,0.3644028504689535,0.4948253631591797,0.6652092138926188,0.8523132006327311,1.0461076895395913,1.2410997549692788,1.4415751298268635,1.6426610549290974,1.845624248186747,2.067025105158488,2.3208743731180825,2.610117475191752,2.982450842857361,3.407386302947998,3.8485568364461265,4.293867190678915,4.770790417989096,5.261117418607077,5.752184351285299,6.2769687970479335,6.816111564636231,7.4079229831695566,8.045730749766033,8.706340233484905,9.3712215423584,10.044322888056438,10.73496174812317,11.425640900929771,12.119632482528688,12.814080874125164,13.510459899902346,14.211389621098839,14.915596564610802,15.622111082077028,16.347737550735474,17.087928613026936,17.836006800333656,18.59399843215942,19.364149173100785,20.141399065653477,20.920520702997838,21.703644911448155,22.491155703862503,23.283726453781124,24.089751561482743,24.91514380772908,25.754615306854244,26.611299673716225,27.471030076344807,28.33386500676473,29.28083817164103,30.264851649602253,31.255267937978108,32.28524537881215,33.368238965670265,34.47286760807037,35.5972025791804,36.78605477015177,38.06843662261963,39.38824542363485,40.82915743192037,42.36010217666626,44.033003409703575,45.70996356010437,47.54522728919983,49.45747033754984,51.519393046696976,53.972727616628006,56.42695029576619,59.00782426198323,61.62756554285685,64.31303350130716,67.11370166142781,69.961399157842,72.85224922498067,75.8130677541097,78.96669522921243,82.15414524078368,85.44736305872598,88.89549469947814,92.4076138337453,96.35116020838417,100.30359872182208,104.28995569547016,108.27639599641162,112.2679193417231,116.4660207033157,120.91929578781125,125.50943088531491,130.267188668251,135.12852640946704,140.14240547021228,145.25952939192453,150.58540801207224,155.9743152062098,161.98652438322702,168.036896387736,174.32092396418253,180.79776219526926,187.438779314359,194.30113780498502,201.5124636093775,208.8353011210759,217.1134535868962,225.58975040912622,234.1729822556177,242.93896524111423,251.98661772410068,261.9437905947367,272.5847706794738,283.77202781041456,295.4515795707702,307.71430408954615,321.14525783061976,334.8195867141087,348.92906908194215,363.3138722181319,378.139945467313,393.25314366817463,408.4910669326781,424.7336130142211,440.98853945732105,457.3286763032276,474.4916742642719,492.1455208857853,510.2932967742283,530.3506308396657,552.0162415504454,575.3405561447142,599.419691801071,630.6246832609175,664.3140876293181,698.5077666441598,732.7165162563323,768.8041411638259,814.9949605464934,863.4735838572183,914.3302935759225,967.4748801390328,1022.1235728661218,1080.4049814144769,1139.9341628154118,1201.4946233828862,1263.6303534110386,1334.4965135653813,1405.5457597573597,1480.2788378794987,1557.73511215051,1640.208707888921,1726.9646445910134,1814.4100981553395,1903.6964391867318,1994.0787470340726,2089.496539910634,2195.935169657071,2304.1705897649126,2426.944341142972,2554.7413395245867,2692.5656475623446,2848.4518394072848,3021.4515037933984,3195.320048848788,3372.85973350207,3562.1888749599457,3763.9949806928635,3985.125359892845,4216.25862455368,4449.178483724594,4695.607021331787,4957.270612955093,5262.275164365768,5598.119133591652,5945.184189081192,6294.672736644745,6651.611910700798,7027.380585074425,7411.311190247536,7804.797299861908,8261.490490555763,8739.904218316078,9250.748428583145,9781.042153716087,10333.543606162071,10978.700624346733,11644.193134069443,12325.35700583458,13075.216210365295,13841.71608221531,14625.16508114338,15477.517723917961,16395.817267656326,17348.291772842407,18394.386816978455,19498.46983039379,20663.151254296303,21946.046167969704,23361.2059019804,25086.788157463074,26925.657551527023,29055.644925236702,31264.158880233765
FVPRLX,0.06076216697692871,0.12267438570658365,0.26319082578023273,0.412984291712443,0.5831838448842366,0.7674812873204548,0.9541565179824828,1.1489057540893555,1.3487911224365234,1.550589958826701,1.7622512181599936,1.9764352639516196,2.22689421971639,2.582071622212728,2.968516270319621,3.3722522656122846,3.801926573117574,4.252073645591736,4.704148650169373,5.173064231872559,5.657153487205505,6.159346103668213,6.66778564453125,7.2145899931589765,7.808846990267436,8.418940663337708,9.12008003393809,9.837039987246195,10.558831175168354,11.30283733208974,12.048011422157286,12.794558485349018,13.550235470136005,14.309235374132792,15.070234258969624,15.840085784594217,16.619714538256325,17.404650489489235,18.19713278611501,19.001041372617085,19.809506853421528,20.623740037282307,21.441237290700276,22.267469326655068,23.102560917536415,24.01116824150085,24.97636262575785,26.035199085871376,27.14139135678609,28.274815758069355,29.44838503996531,30.668797214825947,31.902535160382588,33.20529254277547,34.592412551244095,36.01744373639424,37.4711848894755,38.9658480087916,40.46718458334605,41.97522683938344,43.52170940240224,45.25575784842173,47.070835312207535,48.898174722989395,51.00116757551829,53.225695649782814,55.711535811424255,58.3381492694219,61.114150603612266,63.92662771542867,66.91062041123709,69.95197419325511,73.22580802440643,76.69844400882721,80.48805479208629,84.34003603458405,88.25923645496368,92.37628058592479,96.62271424134573,100.88534462451936,105.2563399076462,109.64164586861929,114.95318734645845,120.3945603768031,126.03117279211682,132.0520547628403,138.16424032052362,144.37565763791406,150.92284317811334,158.02620518207553,165.14128371079767,172.37212733427688,179.74493618806207,187.15557094415033,195.30820477008822,203.69635204474133,212.1206969022751,221.04696810245517,231.27025028069818,241.51270941893264,251.82805915673578,263.0823881228765,274.6100775798162,286.48224564393365,299.8194808562597,313.3633179267248,327.02678414185846,340.97754212220514,355.0881704886755,369.3408190011979,384.2625527779262,399.2390450239182,416.1291646957398,433.6115036805471,451.34773294130963,470.0515971978506,488.89025028546655,508.4481317599615,528.2067526181539,548.1383763949077,568.0784891446432,588.0227264960607,612.7880130608877,638.5095245043437,665.2002541224163,692.0595208803813,720.8727240959804,750.9760493834814,781.6651564439138,814.5621620019277,848.3408342202505,883.4712487061819,918.7627999385198,954.7001672188442,993.3217990795772,1035.348817308744,1080.0689011414847,1126.0143109957378,1177.624095360438,1236.0220380624137,1294.8060632546744,1355.4807476997378,1422.4987971782687,1491.3116098642352,1563.3634282350542,1636.0850722789767,1711.4452129602435,1791.511326313019,1872.3204549153647,1967.706652959188,2077.913624842962,2198.2109591563544,2320.433973391851,2444.5405309995017,2573.4209605852766,2712.785142262777,2852.9472930034003,2993.773076971372,3144.609490831693,3306.5470124085746,3474.7720568974814,3664.613713582357,3856.792652567228,4075.9983839591346,4298.712901234627,4529.738764047623,4790.765615940094,5078.969823598862,5380.861751914024,5699.630426168442,6033.6430641412735,6415.069326877594,6808.155953526497,7263.621549367905,7738.770269274712,8220.838134527206,8720.564906954765,9225.124163866043,9794.830119609833,10489.775566220284,11256.2928545475,12025.533448934555,12796.686232924461,13606.63276541233,14588.93069601059,15595.448244571686,16722.004858732224,17856.34522974491,19084.23054389159,20319.632633010548,21642.56377331416,22974.214412530266,24325.04878528913,25823.362368067108,27542.81999810537,29299.6283984979,31119.232624967895,32965.60865958532,34944.25181992849,37002.373088121414,39329.91467356682
FVLPR,0.054010232289632164,0.1129752000172933,0.240554412206014,0.3971813519795736,0.566702683766683,0.7657349904378256,0.9667872985204061,1.184818228085836,1.4031975666681926,1.628533164660136,1.8590470949808757,2.089924256006877,2.3234868446985883,2.561999678611756,2.9032802581787114,3.3197779655456547,3.748504519462586,4.192951480547587,4.6854796806971235,5.2044568459192915,5.757686893145244,6.330793341000875,6.915883978207907,7.594795187314352,8.274478793144226,8.968204538027445,9.665846308072407,10.36648094654083,11.076878905296324,11.789810458819069,12.506459673245745,13.246334751447039,14.00937187671661,14.787927110989886,15.580684304237362,16.377232035001114,17.17426741123199,17.971775650978085,18.77495928605397,19.587683717409764,20.461574276288346,21.36263795693715,22.28582886854807,23.23310538132985,24.229590694109593,25.230640530586236,26.258417010307305,27.324905594189953,28.403008739153535,29.498808344205212,30.672893404960625,31.94451963901519,33.24327170848846,34.54998807112375,35.945669690767915,37.44507996241251,38.955037275950104,40.536908904711396,42.165398081143685,43.80277665456135,45.46483023961384,47.1361474196116,48.97431675593057,50.87200649579365,52.80262748400369,54.852903763453156,57.02469865481058,59.271809736887604,61.730181256930024,64.30688540140787,67.06171027819315,69.85951169331868,72.89648048082987,76.05108873049417,79.5755887031555,83.34616780281065,87.17361585299173,91.11498812834421,95.11198739210764,99.34234209855397,103.93637677033742,109.18296126524606,114.52793061733244,119.95031332969664,125.39267857869464,131.4462201595306,137.76630735397336,144.1603922049204,150.5845090548197,157.0176440874735,163.62072793642676,171.46179604530332,179.39932354291278,188.03927437464395,196.85123459498087,206.1123793919881,215.43696085611978,226.99313815434772,239.11181660493213,251.33155612150827,263.6424842278162,276.1370738744735,289.06822347640986,302.16775957743323,315.7719751993815,331.12647938728327,347.0099894205729,362.9239766995112,379.1962847312291,395.8512984116872,412.6131636301676,429.9962362448374,447.5268426338831,465.3239659865697,484.0841164191564,502.9712020953496,521.9446693261464,542.7491020758946,565.9645632505416,589.2362691164016,612.6754629214604,637.6964823802311,664.9490409692128,693.5867908000945,724.6162490844725,756.5288478533425,793.7564074993132,833.2988510131835,875.661779642105,918.1490464210509,963.7030519247054,1010.6831083297728,1057.7012580633163,1110.492359995842,1172.516833305359,1239.3039819002151,1316.3612273136775,1398.0286264022193,1483.9343198140464,1575.984207948049,1676.9020764430365,1778.1017499764762,1885.0999961694083,1992.618724902471,2100.545991619428,2208.5207299788794,2316.549181779226,2431.572519262632,2549.7246841986976,2670.831935723623,2795.03785053889,2923.5261274973554,3056.948597709338,3192.636697014173,3346.2531431516013,3505.5797317822776,3669.640145778656,3837.0079876184464,4014.640591263771,4193.665407061577,4396.015111486117,4604.96706310908,4814.711396614711,5024.967943588893,5237.180716554324,5456.96861187617,5679.806367437045,5919.350663820903,6165.07364110152,6448.436707059543,6779.400599996249,7130.787526170413,7569.45847384135,8010.87557331721,8483.549665490787,9045.287650267284,9614.614192644756,10187.377162019413,10845.40818766753,11517.698138276737,12209.504035393398,12960.101200739544,13714.68698358536,14520.415164947512,15351.514711538952,16185.84330324332,17040.97347788016,17939.56820277373,18917.293990651768,19954.561835686367,21028.293170491856,22164.53329018752,23496.252376953762,24828.2983913819,26548.206661025684,28287.437501827877,30053.36940733592,31902.895167390507,34056.11376663049
FVLLX,0.0635061264038086,0.18656277656555176,0.311367670694987,0.4587975343068441,0.6357950766881307,0.8204350074132284,1.0153266986211142,1.2131225665410361,1.448078234990438,1.684507211049398,1.9255170027414958,2.1734507083892822,2.4993103742599487,2.830103119214376,3.1784980694452925,3.5923724571863813,4.021137992540996,4.455597440401713,4.942819396654765,5.4474858045578,5.958141803741455,6.50893219312032,7.082295378049214,7.660741448402405,8.281340837478638,8.933679660161337,9.60210927327474,10.28331971168518,10.970801750818888,11.661319335301716,12.355654875437418,13.054320732752482,13.75917895634969,14.466519276301065,15.213310162226358,15.965214570363361,16.724891503651936,17.498624563217163,18.278162638346355,19.06196880340576,19.850208282470703,20.66174046198527,21.475263913472496,22.314862926801048,23.156974673271183,24.003611922264103,24.851688822110496,25.71695919831594,26.643180251121525,27.602654894193016,28.617273767789207,29.78224829832713,30.978655219078064,32.25325826803843,33.58807965119679,34.92941530545552,36.2740151087443,37.65645821889241,39.057712316513054,40.501527786254876,42.08735140164693,43.69269076983134,45.32938989003499,46.98110318183898,48.816894372304276,50.72845864295959,52.873722473780305,55.07109173138935,57.32289858659107,59.76418864727019,62.24432559808094,64.91099055608112,67.81394668420154,70.75806375344592,74.04815272490181,77.44560341040291,80.85568861166634,84.2886716922124,87.80329279104866,91.53585898876187,95.34790027141568,99.44076550006864,104.06134180227913,108.9526752233505,113.87440204620358,118.9744158585866,124.20319577058153,129.55117126305896,135.01219936211902,140.61221798261005,146.3293121655782,152.70510013898212,159.55894144376117,166.4334341684977,173.69247555732727,181.16662661234537,188.78942402203876,197.47515781720477,206.1910267670949,215.04759724934894,224.75924440224964,234.77716120084125,245.23141455650327,256.05821466445923,267.188983519872,278.7481195131937,290.5833040078481,302.89733839035034,315.5013027191162,328.6610251267751,341.9463788668314,355.4617009560267,369.0363533099492,382.6161305507024,396.2798184951146,410.04321006933844,423.99337200323737,438.99693159262335,454.8567444086074,470.7795341412226,487.2638612190882,504.49925148487085,521.7354931433995,539.1326732238133,557.1784857114155,576.3263290723164,595.7422330379485,615.8465002377827,636.1785756746928,659.6485602855682,687.0611152648926,714.8704952001572,742.8080451885859,772.5266164541245,803.5551661252975,835.9728506803513,868.5637357632319,901.764969309171,935.2716712554295,969.1323625644047,1003.5546619494755,1044.8072417179742,1087.3450818459191,1137.7520007689793,1191.7974062363305,1246.2498737970986,1304.3036656379697,1370.7658498287199,1437.5960631370542,1505.983840703964,1575.7754348516462,1651.8327494064965,1729.1803722778955,1810.7717142502465,1893.4135817686715,1979.5009322563806,2072.043433864911,2166.2843776941295,2261.9135551849995,2359.464199582735,2459.9358691374455,2560.5470012823735,2680.9366002480183,2806.745724240938,2937.8134347995115,3076.3245886166883,3215.319243748982,3361.9486944675436,3509.378133416175,3671.4727091789237,3834.040992418924,4000.5891777674346,4171.952043453852,4349.2873881657915,4530.763903458913,4716.570948600769,4907.767108798027,5109.173606832822,5311.804939587911,5516.452759345372,5724.459870298703,5938.697392304738,6158.901804169019,6384.735738952954,6624.932039856911,6882.656225323677,7156.086873531342,7438.5935562849045,7745.511263330777,8058.660154302915,8410.240182002384,8777.354078610737,9183.59602065881,9622.014479041098,10073.137886524199,10591.8769159317,11243.331434607504,11973.926103353499,12738.583448251087,13648.271401723225,14756.908882339794,16186.780046661694,17623.942486802734,19112.416654268898,20803.07214693228,22708.298744479813,25088.85547272364
PRLLX,0.16230392456054688,0.36516690254211426,0.5681607723236084,0.8131468296051025,1.1175614198048909,1.4248627026875813,1.756663958231608,2.12375537554423,2.524729530016581,3.106525699297587,3.7149948676427202,4.338554223378499,4.973786274592081,5.624322493871053,6.343609650929769,7.082971890767415,7.830706199010213,8.578571319580078,9.327259302139282,10.102941989898682,10.898742914199829,11.706527789433798,12.524147431055706,13.421091874440512,14.381652434666952,15.35826321442922,16.35048540433248,17.393934488296512,18.52599954605103,19.783074458440147,21.221392869949344,22.669696688652042,24.149952411651615,25.71600723266602,27.309691985448204,28.935371557871502,30.74564027786255,32.642494996388756,34.73847222328186,36.91198523839315,39.20284732182821,41.50066097577413,43.80783840020498,46.16887517770132,48.56309946378072,51.17261743545532,53.919394850730896,56.82289671897888,60.69424279530843,64.66957338651022,68.90985337893169,73.2557258605957,78.07525364557902,83.11340808868408,88.17203187942505,93.28781072298686,98.4108464717865,103.54100847244263,108.67834782600403,113.90050546328227,119.36450950304668,124.94588176409404,130.72291429837546,136.5379738410314,142.6214450597763,148.83746421337128,155.20285856723785,161.67402946949005,168.28463598092398,175.38351658980054,182.96188656489056,190.59451293945315,198.76316658655804,206.93568682670596,215.48792076110843,225.18482029438022,235.08946160475415,245.03309504191083,255.5765910545985,266.2877110640208,277.2615970770518,288.3802833557129,299.6156047979991,311.2317450443904,323.04266917705536,335.94052763779956,349.2850144704183,362.6647442181905,376.27940889199573,390.76310702164966,405.95355184872943,421.22613247235614,437.88650147120154,454.8342974185943,472.0251530806223,489.8816126187642,508.60770177841187,527.6035695870718,548.0061528285345,571.6320553620657,595.4441516399384,619.3510514100393,644.8232221603394,670.9041170279185,697.590283314387,725.1760664780934,753.7587170203526,786.1760410865147,820.5224880774815,855.2361553112665,890.0257730881373,925.684268395106,961.9225300947825,1000.6997718811035,1040.0369772911072,1083.0407188733418,1126.3435022036233,1170.8261572519937,1217.2326896985371,1263.7399268945057,1311.554503838221,1360.0280193487802,1410.2701712052026,1461.6934442917504,1516.6648556788762,1571.8129016955693,1640.330230196317,1710.4576881726582,1787.9102798302968,1866.02565964063,1949.1708782513936,2036.9392336209614,2126.479782819748,2217.121965646744,2313.5649089813232,2411.7649623155594,2510.7591252326965,2618.3191714286804,2742.0279458761215,2896.1160826683044,3077.6100657780967,3260.4297096331916,3460.8810008764267,3667.1558995246887,3876.718897342682,4097.615946133931,4320.527715524037,4544.997262914975,4773.612804253896,5035.995375593503,5304.160605748494,5574.460531393686,5888.139670292536,6210.305684844652,6534.912114302317,6874.603159586588,7214.468285123507,7565.725460449854,7918.649609247843,8273.683245340982,8631.577855030695,9024.6611824433,9432.989499012629,9902.854427258173,10375.871373693148,10863.269177238146,11354.92319993178,11862.040555675823,12428.200112899143,12996.592644055683,13638.857963641483,14293.564285238583,14984.211349447567,15714.012876113255,16536.113460024197,17360.83046432336,18214.777264674503,19091.62631436189,20011.9786752065,20958.62684102853,22019.746065974236,23412.797294139862,25008.852111736935,26745.89439805349,28509.8489522934,30301.690447807316
LPRLX,0.23208701610565186,0.47788727283477783,0.726192831993103,0.9836677312850952,1.2499310970306396,1.5756436983744304,1.9333648681640625,2.4682648181915283,3.1189021269480386,3.7960216999053955,4.486645062764485,5.182924667994181,5.881625096003214,6.594306627909342,7.30760916074117,8.021929184595743,8.749290545781452,9.483553012212116,10.277151823043821,11.074541568756102,11.878045161565144,12.894826610883076,13.92284055550893,14.980669140815733,16.046236395835876,17.14130985736847,18.238979776700337,19.37094716231028,20.669211030006405,22.007996360460915,23.35339287916819,24.932956814765927,26.709254463513687,28.48964114983876,30.309470375378922,32.24890871842702,34.253343224525445,36.429432590802506,38.70626803239186,41.33343136310577,43.99954199790954,46.67986822128295,49.40377271175384,52.147243221600846,54.985229452451065,57.8741119702657,61.00336710611979,64.13471357027689,67.377890030543,70.68153754870096,74.08947420120238,77.6872453689575,81.39672176043192,85.73432302474974,90.12019622325896,94.67190651098886,100.1698791583379,105.73820837338765,111.38963504632314,117.11352582772572,123.06105665365854,129.1643694639206,135.4154586394628,141.76419003804526,148.46578105290732,155.7496838569641,163.2759792804718,170.87459317843118,178.86097184816995,186.95273236433664,195.3299471537272,204.01247175534564,213.019007841746,222.05592727661133,232.138653755188,242.63776795069376,253.1633885304133,264.98311845461524,277.7037481466929,291.55763153235114,305.7221565643946,320.9446201721827,337.2233160734176,353.54148566722864,369.89064669609064,387.1602410078048,407.34636688232416,428.09226528803504,450.00069848696387,475.87789519627887,502.9710472424825,530.2366882165272,558.2948909600575,587.7543500264485,618.1945693492888,650.3240488370259,683.5580137570698,717.0275277694066,750.6479625304539,786.6035091479619,823.6420063575108,861.5468246539433,906.6929181019465,953.5985064903895,1004.6745969454447,1060.7949541012445,1122.904417713483,1187.3525886933007,1252.4479995171228,1318.9989777803419,1385.9002891778944,1453.8959816694257,1528.6073904434838,1604.2083378235498,1681.8251550594964,1762.0092534621556,1843.2945046822229,1931.4627886215844,2024.802941997846,2119.116298556328,2215.513985991478,2315.9376414219537,2416.9426595767336,2527.445160031318,2644.409697294235,2764.7009215354915,2893.5898753404613,3050.5762674808498,3209.2994225025172,3372.268552064895,3536.9884521961208,3724.4833911259966,3915.5124879678087,4111.861663818359,4310.310386578242,4519.227115313212,4729.833302259445,4942.270012776057,5192.896521011989,5451.194918791453,5709.66686240832,5990.684443155925,6305.46399752299,6719.138157924017,7167.776968677839,7632.934133887292,8120.838644385339,8637.536608934402,9187.783255577087,9759.028537034988,10363.293618083,10991.404742280642,11631.61755088965,12369.7202291886,13152.296678582827,14105.289223114649,15067.067415396372,16106.560279448826,17167.863994280495,18231.543658057846,19515.58621116479,20885.82188506921,22257.662452658016,23679.812717636425,25154.920164903004,26720.729421218235,28364.48070391019,30144.549072901405,32094.56923071543,34099.63116041819,36272.61476020018,38624.6196548144
FVPRLLX,0.05610195795694987,0.11479727427164713,0.24574732780456543,0.4032890796661377,0.57081405321757,0.7659205595652262,0.9613978068033854,1.1713126103083291,1.39912478129069,1.6298117637634275,1.8609468936920164,2.1009736855824785,2.3520497878392534,2.6616317828496294,2.9754583438237505,3.3366739352544146,3.7567712863286333,4.235159436861673,4.715596874554952,5.20092757542928,5.7046464284261065,6.219305237134297,6.769007007280985,7.351127823193868,8.004409193992615,8.661518534024557,9.326083461443584,10.000882903734844,10.681235353151958,11.364052335421245,12.053282697995504,12.742769837379456,13.434296170870462,14.171106378237406,14.916415174802143,15.664695779482523,16.41779522101084,17.201785127321877,17.99726561705271,18.795308152834572,19.595065077145893,20.413785020510353,21.272673169771828,22.136039932568867,23.002598643302917,23.918337384859722,24.895950118700664,25.998386303583782,27.160747687021892,28.355311552683514,29.5675896803538,30.788013219833374,32.036257902781166,33.342413902282715,34.69512176513672,36.05494443575541,37.4705327351888,38.98494418462117,40.5096685886383,42.181067307790116,43.85711749394734,45.58801873524983,47.32089710235595,49.20065736770629,51.1978508234024,53.48075481255849,55.765987992286675,58.15630686283111,60.71335224310556,63.32767967383066,66.07980565230051,68.88430134455362,71.7577488819758,74.94587632020314,78.13604549566904,81.38505939642587,84.90474577744801,88.45577617486317,92.2888657649358,96.48301382859547,100.8901070356369,105.41390061378479,110.07207465171814,115.07450286547343,120.22910475730896,125.44461091359456,131.11959671974182,137.40717136859894,143.86922204494476,150.41130967934927,157.2165526151657,164.3553797006607,171.66720386346182,179.2364214261373,187.26481421788534,195.92573149998984,204.6543201605479,214.1148309707642,224.27194913228357,234.92076651255294,246.25413147608444,258.1451275348664,270.32064223289495,282.5315304597219,295.43426402409875,308.52194937070215,322.3924086093903,336.8895806074143,351.85158669948584,366.8499595721563,383.0881145397822,399.6193542877833,416.23835504055023,432.9045379161835,451.4941318035126,470.69772922992706,490.6751605272293,511.22876024246216,531.8332823912302,553.1442076365153,574.7041448752085,596.4310310284296,618.7776868740717,642.0287275711695,667.3956210215886,692.763754248619,719.2554366191227,746.3090464671452,773.404518008232,806.1146043539046,840.602193792661,876.5323708852131,913.2636257807413,951.9597061077753,991.4658022324244,1035.4820233980813,1082.729515949885,1134.4189662933347,1186.1684975624082,1244.6731436252592,1306.9974423646925,1369.4174765348432,1432.895031571388,1505.1992707649865,1579.3552844921746,1655.3307387034097,1737.2745516697564,1826.3387131293614,1916.538635532061,2010.8091699282327,2130.225676099459,2250.7974507013955,2376.1681752204895,2513.0087538957596,2653.0128795703254,2805.4918407996497,2961.420928994815,3124.4260092973714,3300.7224533557896,3484.840133070946,3675.3839896917348,3875.767326712609,4100.917434334755,4342.696859955788,4596.769634485245,4866.833859205246,5151.319764614105,5462.586062788963,5785.6374925374985,6118.696235060692,6487.457124352455,6858.555197834969,7332.010564088821,7830.159291744232,8348.773898363113,8908.839482307434,9491.82044494152,10079.772448976835,10669.142293890318,11259.737132986387,11865.343706329664,12553.345645626387,13245.685641249022,13991.9828034242,14747.69352610906,15571.71425040563,16538.743089159332,17587.861049373947,18680.44192417463,19798.757225116096,20934.650944073997,22071.798697431885,23224.32597835859,24393.058232625328,25809.13932379087,27275.753472288452,28823.461803873382,30592.478250225387,32413.035659511886,34407.326049288116,36461.45394094785,38574.30037470659,40898.11106403669
FVLPRLX,0.051198323567708336,0.1159675121307373,0.25023086865743005,0.44293852647145593,0.645084023475647,0.8544488350550333,1.0798726479212442,1.3114133278528848,1.5442175070444741,1.7850886980692544,2.029285113016764,2.323413848876953,2.659736752510071,3.053230404853821,3.4769986867904663,3.9324744939804077,4.432196021080017,4.972880403200786,5.5220076243082685,6.085071802139282,6.6738399267196655,7.276178240776062,7.932237267494202,8.596681714057922,9.268982768058777,9.948018590609232,10.629955410957336,11.317072431246439,12.006470243136087,12.699549635251362,13.39516528447469,14.161191383997599,14.932604551315308,15.704445997873941,16.478068113327026,17.27238178253174,18.086661259333294,18.908705870310467,19.747292121251427,20.684127092361454,21.646725098292038,22.653157869974777,23.756053487459823,24.914571801821396,26.115279595057174,27.317587693532314,28.537640730539962,29.76894108454387,31.134447733561203,32.61474816004436,34.1001611550649,35.62203884124756,37.19459915161133,38.85306175549825,40.637126525243126,42.440771301587425,44.5081551472346,46.75549956162771,49.032067338625595,51.457523783047996,53.97292411327362,56.532806754112244,59.1141414642334,61.79476070404053,64.5126617749532,67.41625185807546,70.83802449703217,74.51316734155019,78.22217492262521,82.11685693264006,86.15290307998656,90.40328836441039,94.87278342247008,99.51656389236449,104.49340486526488,109.83944710095722,115.38421535491942,121.51305425167082,127.77520771821338,134.06910320123035,141.22352778911588,148.59617567062375,155.99566404024756,164.37830702463782,172.92564709981278,182.25702897707617,191.6520651976267,202.14948781331375,213.2090360720952,224.4669248660405,235.84347832202906,247.39032638072962,259.41377151012415,271.7365381320317,285.1047606865564,299.1945360104242,313.29132171471906,327.95314077536256,343.29372656345356,358.68926449616737,375.5473197698592,393.0227277278899,411.1993795633315,430.9508993228275,450.79163702328987,470.68918951352424,490.80370493729896,511.29092999299354,532.1376074552535,553.1716171503066,575.09168891112,598.1439738670983,622.9473148584365,648.6820348501204,675.1277233362197,702.3709564208983,732.168893178304,762.0801033576329,792.2188942035039,823.9879949490229,858.0229786634445,892.411184668541,927.7635517120361,965.5821340878805,1011.4933313528697,1058.0383561054866,1106.9867820342383,1158.524207909902,1211.231117486954,1264.113417228063,1317.3614672025046,1372.7211086352668,1430.259540041288,1488.8077933390937,1549.587781985601,1613.5136016209922,1677.4559552669527,1748.2727444171908,1826.5061682462695,1907.762753248215,1996.2660486698153,2091.3981568813324,2187.570577979088,2284.0502582788467,2380.7289591232934,2481.1845732132592,2582.054617444674,2688.579394141833,2796.654835263888,2907.442260543505,3027.119647860527,3152.655056476593,3289.629924416542,3432.8953021764755,3581.194826364517,3734.6297018527985,3889.8996859788895,4051.5351082086563,4232.462411999702,4427.308396816254,4636.162096977234,4854.618726611137,5113.8388398091,5386.799128810565,5668.266467253367,5954.615624984106,6261.776877085368,6615.7429025570555,7001.542005936305,7393.1983273426695,7789.776916782062,8202.612702886265,8622.23153046767,9112.972138802212,9628.190558234852,10225.254872957867,10916.222264329594,11641.301936070126,12376.566131989162,13129.079503099125,13948.135813275974,14977.144504944485,16044.432919303577,17222.52763048808,18407.87830547492,19787.56151477496,21192.698582927387,23061.67792169253,25099.21446255843,27316.415320833526
NoSym,0.34775829315185547,0.7053366502126057,1.2329258918762207,1.788947661717733,2.464132785797119,3.1443196137746177,3.8531250953674316,4.5714240074157715,5.294832070668538,6.025221188863118,6.764578501383463,7.504648844401041,8.25812776883443,9.039572318394978,9.851828177769978,10.702605946858723,11.565912421544391,12.468368609746296,13.424434359868366,14.445534594853717,15.576126082738238,16.729375823338824,17.97466576894124,19.39699056943257,20.911987193425492,23.00538152058919,25.16499091784159,27.468002414703363,30.15530206362406,32.853336540857946,35.559329875310254,38.584936936696366,42.09396575291951,45.93004972139994,49.77824956576029,54.049857680002845,58.66552125612894,63.409018150965366,68.27822419802347,74.09371539751687,81.7391446908315,89.51374551455179,97.61249620119729,106.0174481074015,114.60253103574115,124.43481938044228,139.3938690026601,158.11400121053057,177.29803102811175,200.57237437566118,224.54121251106258,250.38907365798946,278.95023811658217,307.80248454411816,339.182633670171,388.28523790041595,440.2866446177164,494.04101133346546,550.315529155731,607.7102232933042,679.376056130727,775.5647668679553,880.7259815375008,997.4171357790627,1120.4875837802886,1249.290155506134,1397.646723763148,1547.925538889567,1702.379278675715,1873.9906962076823,2065.199815861384,2300.8980845928195,2595.6558083057407,2918.781820472082,3299.4678504625963,3696.5176362673446,4122.614956823985,4560.3637293656675,5022.2001273949945,5488.204655361176,5963.1567441940315,6457.2208965301525,6960.10980448723,7561.504682636262,8164.732923762005,8879.54742536545,9869.08927793503,11045.065147638323,12333.843877077104,14290.442981004717,16601.10827153921
virtual best,0.051198323567708336,0.10774683952331543,0.18641050656636554,0.2799065113067627,0.405780553817749,0.5560821056365967,0.7228716373443603,0.8905787467956543,1.0794265270233154,1.2787178754806519,1.4798038005828857,1.6827669938405354,1.89891250928243,2.136156113942464,2.374150546391805,2.6241635004679362,2.9136529127756754,3.236688486735026,3.5858166535695393,3.958692463239034,4.334580810864766,4.749723823865255,5.1829002618789675,5.624903869628906,6.068876338005066,6.528345735867818,7.088375480969747,7.662824702262879,8.335926047960918,9.018743030230205,9.702851287523906,10.392338426907857,11.083864760398864,11.777706297238668,12.47863601843516,13.182842961947124,13.88935747941335,14.614983948071798,15.349774193763732,16.084592572848003,16.82169063091278,17.561923098564147,18.308004689216613,19.063896171251933,19.830996346473693,20.5996281226476,21.368755729993183,22.153362425168353,22.941824348767597,23.731777262687682,24.52237939039866,25.322108578681945,26.122193884849548,26.935541224479675,27.748984726270038,28.564966193834938,29.405925027529396,30.24897312323252,31.160537870724994,32.08145323594411,33.05825431346893,34.044715158144626,35.04036457538604,36.04637455145517,37.075536561012264,38.109301082293186,39.143799535433445,40.17853577136993,41.24303713639577,42.3460102001826,43.45948003927867,44.59849825700124,45.774436783790584,46.96497368017832,48.171283396085094,49.40520554383595,50.70913288593291,52.096977130571986,53.4900653918584,54.88437634309131,56.29779024918872,57.81171599229175,59.337800892194096,60.94699560006458,62.59930029710132,64.600612950325,66.6621815284093,69.00188834667205,71.47355878353117,73.96973392963407,76.47508633136748,79.28648364543913,82.47195923328398,85.79408307870227,89.14379978974658,92.77885676225024,96.45674412250517,100.15546370347339,104.00980592568713,108.1196887095769,112.42936197121936,116.82675146261849,121.25314155419666,125.90348107814788,130.74257675011953,135.66891303857167,140.71349691549938,146.11333734989168,151.87737694581352,157.8171223719915,163.96001888116203,170.5261472940445,177.51254551410676,184.80012676715853,192.23092706203462,200.9793085972468,210.09120097955068,219.36955495675406,228.79247160752615,238.32549234231314,247.9862270752589,259.0582021474838,270.78001177310944,282.9826423724492,295.35037426153815,308.0486544768015,321.6497900485992,335.3034613132476,349.51980614662165,363.82726661364234,378.3722061316172,393.1374713579813,408.0929234186808,423.81912376085916,440.8019291718801,458.2325064500173,476.2858575661977,495.0144424279531,514.0796087582906,533.2816741784414,552.5124959786734,571.848251883189,591.3555413722994,611.2847489356997,632.3282699426018,653.7411460717522,675.2905965169273,696.8455539862317,720.0710699240369,744.2910054365797,769.0213169892631,793.9181542237602,822.4700629552208,851.4118453502657,882.2145855267845,920.0014326890312,958.1400521914167,996.5277704715731,1038.8731596787773,1085.2774326324466,1132.5733844757083,1180.291175746918,1229.8767957210543,1281.2236828804018,1332.8673663934073,1387.5352722962698,1449.5822460810343,1513.2414401690164,1577.1667863845823,1643.730479590098,1714.3734135945638,1785.4897560596467,1858.5128621578217,1940.4100833415985,2026.56298494339,2114.4505981445313,2202.7486481666565,2293.6496281147,2396.3030530452725,2501.5052481174466,2607.5016818523404,2719.107220125198,2834.6866846084595,2951.8153088887534,3077.998540576299,3206.9252070744833,3362.424435075124,3531.216954310735,3701.1773814042413,3881.8363492806757,4064.806329997381,4265.507936700185,4466.267813332875,4678.19226415952,4905.010173543294,5135.848541053136,5384.503114096323,5638.08567530314,5896.117507759729,6155.485662142435,6421.382598511377,6689.84361292521,6958.485370937982,7233.133739217122,7520.023234685262,7831.028244098027,8146.707228549321,8540.121367486317,8960.350789054235,9438.69985221227,9920.420851071676,10406.109945297241,10897.2209004879,11388.483221673967,12091.56828813553,12856.771499395372,13702.91063642502,14743.810950803758,15933.362049579622,17143.816875982287,18409.902806425096,19861.49277396202,21830.43617196083,23939.41708202362,26197.18468764623
